Player1,First Name,Last Name
Yurtseven Omer,Omer,Yurtseven
Abalde Alberto,Alberto,Abalde
Abass Awudu,Awudu,Abass
Vildoza Luca,Luca,Vildoza
Vezenkov Sasha,Sasha,Vezenkov
Vesely Jan,Jan,Vesely
Vautier Bastien,Bastien,Vautier
Ulanovas Edgaras,Edgaras,Ulanovas
Tubelis Azuolas,Azuolas,Tubelis
Traore Armel,Armel,Traore
Toliopoulos Vassilis,Vassilis,Toliopoulos
Thompson Darius,Darius,Thompson
Theis Daniel,Daniel,Theis
Taylor Kameron,Kameron,Taylor
Booker Devin,Devin,Booker
Bonga Isaac,Isaac,Bonga
Bolmaro Leandro,Leandro,Bolmaro
Blossomgame Jaron,Jaron,Blossomgame
Blatt Tamir,Tamir,Blatt
Blakeney Antonio,Antonio,Blakeney
Bitim Onuralp,Onuralp,Bitim
Birutis Laurynas,Laurynas,Birutis
Birsen Metecan,Metecan,Birsen
Birch Khem,Khem,Birch
Biberovic Tarik,Tarik,Biberovic
Beaubois Rodrigue,Rodrigue,Beaubois
Baldwin IV Wade,Wade,Baldwin Iv
Campazzo Facundo,Facundo,Campazzo
Cale Myles,Myles,Cale
Calathes Nick,Nick,Calathes
Butler Jared,Jared,Butler
Butkevicius Arnas,Arnas,Butkevicius
Brown Sterling,Sterling,Brown
Brown Lorenzo,Lorenzo,Brown
Brooks Armoni,Armoni,Brooks
Brizuela Dario,Dario,Brizuela
Brissett Oshae,O'Shae J,Brissett
Brazdeikis Ignas,Ignas,Brazdeikis
Diallo Alpha,Alpha,Diallo
Diakite Mamadi,Mamadi,Diakite
Dessert Brice,Brice,Dessert
Deck Gabriel,Gabriel,Deck
De Larrea Sergio,Sergio,De Larrea
De Colo Nando,Nando,De Colo
Da Silva Oscar,Oscar,Da Silva
Costello Matthew,Matthew,Costello
Cordinier Isaia,Isaia,Cordinier
Clark III Jimmy,Jimmy,Clark Iii
Cavaliere Leopold,Leopold,Cavaliere
Tavares Walter,Walter,Tavares
Tarpey Terry,Terry,Tarpey
Swider Cole,Cole,Swider
Strazel Matthew,Matthew,Strazel
Stevens Lamar,Lamar,Stevens
Spagnolo Matteo,Matteo,Spagnolo
Sorkin Roman,Roman,Sorkin
Smits Rolands,Rolands,Smits
Sloukas Kostas,Kostas,Sloukas
Sleva Dustin,Dustin,Sleva
Simmons Kobi,Kobi,Simmons
Shorts TJ,Tj,Shorts
Eboua Paul,Paul,Eboua
Dozier Pj,Pj,Dozier
Dowtin Jr Jeffrey,Jeffrey,Dowtin Jr
Dos Santos Yago,Yago,Dos Santos
Dorsey Tyler,Tyler,Dorsey
Dokossi Allan,Allan,Dokossi
Dobric Ognjen,Ognjen,Dobric
Diouf Mouhamet,Mouhamet,Diouf
Diop Khalifa,Khalifa,Diop
Dimitrijevic Neno,Neno,Dimitrijevic
Gabriel Wenyen,Wenyen,Gabriel
Frisch Clement,Clement,Frisch
Francisco Sylvain,Sylvain,Francisco
Fournier Evan,Evan,Fournier
Forrest Trent,Trent,Forrest
Fernando Bruno,Bruno,Fernando
Feliz Andres,Andres,Feliz
Faye Mouhamed,Mouhamed,Faye
Faried Kenneth,Kenneth,Faried
Fall Youssoupha,Youssoupha,Fall
Ellis Quinn,Quinn,Ellis
Edwards Carsen,Carsen,Edwards
Shields Shavon,Shavon,Shields
Shengelia Tornike,Tornike,Shengelia
Shahrvin Enzo,Enzo,Shahrvin
Seljaas Zachary,Zachary,Seljaas
Satoransky Tomas,Tomas,Satoransky
Santos Marcio,Marcio,Santos
Samodurov Alexandros,Alexandros,Samodurov
Sako Neal,Neal,Sako
Rogkavopoulos Nikolaos,Nikolaos,Rogkavopoulos
Hayes Kevarrius,Kevarrius,Hayes
Hall Donta,Donta,Hall
Hall Devon,Devon,Hall
Hackett Daniel,Daniel,Hackett
Guduric Marko,Marko,Guduric
Grant Jerian,Jerian,Grant
Giffey Niels,Niels,Giffey
Giedraitis Dovydas,Dovydas,Giedraitis
Garuba Usman,Usman,Garuba
Izundu Ebuka,Ebuka,Izundu
Horton Tucker Talen,Talen,Horton Tucker
Hommes Daulton,Daulton,Hommes
Holmes Richaun,Richaun,Holmes
Hollatz Justus,Justus,Hollatz
Hoard Jaylen,Jaylen,Hoard
Hifi Nadir,Nadir,Hifi
Hezonja Mario,Mario,Hezonja
Heurtel Thomas,Thomas,Heurtel
Herrera Sebastian,Sebastian,Herrera
Hernangomez Willy,Willy,Hernangomez
Hernangomez Juancho,Juancho,Hernangomez
Hazer Sehmus,Sehmus,Hazer
Robinson Justin,Justin,Robinson
Ricci Giampaolo,Giampaolo,Ricci
Rhoden Jared,Jared,Rhoden
Reuvers Nathan,Nathan,Reuvers
Rayman William,William,Rayman
Radzevicius Gytis,Gytis,Radzevicius
Punter Kevin,Kevin,Punter
Prepelic Klemen,Klemen,Prepelic
Pradilla Jaime,Jaime,Pradilla
Pokusevski Aleksej,Aleksej,Pokusevski
Kamenjas Kenan,Kenan,Kamenjas
Kalinic Nikola,Nikola,Kalinic
Kalaitzakis Panagiotis,Panagiotis,Kalaitzakis
Kabengele Mfiondu,Mfiondu,Kabengele
Jones Tyrique,Tyrique,Jones
Jones Kai,Kai,Jones
Jones Chris,Chris,Jones
Joksimovic Stefan,Stefan,Joksimovic
Jessup Justinian,Justinian,Jessup
Jekiri Tonye,Tonye,Jekiri
Jantunen Mikael,Mikael,Jantunen
James Mike,Mike,James
Jallow Karim,Karim,Jallow
Jackson Edwin,Edwin,Jackson
Leday Zach,Zach,Leday
Leaf TJ,Tj,Leaf
Laprovittola Nicolas,Nicolas,Laprovittola
Lakic Arijan,Arijan,Lakic
Kurucs Rodions,Rodions,Kurucs
Kratzer Leon,Leon,Kratzer
Key Braxton,Braxton,Key
Petrusev Filip,Filip,Petrusev
Peters Alec,Alec,Peters
Payne Cameron,Cameron,Payne
Parra Joel,Joel,Parra
Papanikolaou Kostas,Kostas,Papanikolaou
Palatin Guy,Guy,Palatin
Pajola Alessandro,Alessandro,Pajola
Ouattara Yakuba,Yakuba,Ouattara
Oturu Dan,Dan,Oturu
Osmani Ercan,Ercan,Osmani
Osetkowski Dylan,Dylan,Osetkowski
Omoruyi Eugene,Eugene,Omoruyi
Malcolm Collin,Collin,Malcolm
Mahmutoglu Melih,Melih,Mahmutoglu
Madar Yam,Yam,Madar
M'Baye Amath,Amath,M'Baye
Lyles Trey,Trey,Lyles
Luwawu-Cabarrot Timothe,Timothe,Luwawu-Cabarrot
Lundberg Iffe,Iffe,Lundberg
Lucic Vladimir,Vladimir,Lucic
Lopez-Arostegui Xabi,Xabi,Lopez-Arostegui
Lo Maodo,Maodo,Lo
Llull Sergio,Sergio,Llull
Lighty David,David,Lighty
Len Alex,Alex,Len
Lee Saben,Saben,Lee
Miller-McIntyre Codi,Codi,Miller-Mcintyre
Mike Isiaha,Isiaha,Mike
Micic Vasilije,Vasilije,Micic
Michineau David,David,Michineau
Melli Nicolo,Nicolo,Melli
Mckissic Shaquielle,Shaquielle,Mckissic
Massa Bodian,Bodian,Massa
Marinkovic Vanja,Vanja,Marinkovic
Marcos Juani,Juani,Marcos
Maledon Theo,Theo,Maledon
Nebo Josh,Josh,Nebo
Ndiaye Mbaye,Mbaye,Ndiaye
Musa Dzanan,Dzanan,Musa
Motley Johnathan,Johnathan,Motley
Motiejunas Donatas,Donatas,Motiejunas
Morgan Matthew,Matthew,Morgan
Moore Omari,Omari,Moore
Montero Jean,Jean,Montero
Moneke Chima,Chima,Moneke
Mirotic Nikola,Nikola,Mirotic
Okobo Elie,Elie,Okobo
Okeke Chuma,Chuma,Okeke
Ojeleye Semi,Semi,Ojeleye
Odiase Tai,Tai,Odiase
Obst Andreas,Andreas,Obst
Nwora Jordan,Jordan,Nwora
Norris Miles,Miles,Norris
Niang Saliou,Saliou,Niang
Nedovic Nemanja,Nemanja,Nedovic
Wright Moses,Moses,Wright
Wright IV McKinley,Mckinley,Wright Iv
Weiler-Babb Nick,Nick,Weiler-Babb
Watson Glynn,Glynn,Watson
Ward Tyson,Tyson,Ward
Walkup Thomas,Thomas,Walkup
Wainright Ish,Ish,Wainright
Voigtmann Johannes,Johannes,Voigtmann
Villar Rafa,Rafa,Villar
Badio Brancou,Brancou,Badio
Bacot Jr Armando,Armando,Bacot Jr.
Bacon Dwayne,Dwayne,Bacon
Avramovic Aleksa,Aleksa,Avramovic
Anderson Justin,Justin,Anderson
Alston Jr Derrick,Derrick,Alston Jr.
Akele Nicola,Nicola,Akele
Ajinca Melvin,Melvin,Ajinca
Almansa Izan,Izan,Almansa
Andjusic Danilo,Danilo,Andjusic
Angola Braian,Braian,Angola
Antetokounmpo Kostas,Kostas,Antetokounmpo
Armstrong Taran,Taran,Armstrong
Atamna Adam,Adam,Atamna
Ayayi Joel,Joel,Ayayi
Bako Ismael,Ismael,Bako
Walker IV Lonnie,Lonnie,Walker Iv
Washington Duane,Duane,Washington
Wilbekin Scottie,Scottie,Wilbekin
Williams-Goss Nigel,Nigel,Williams-Goss
Willis Derek,Derek,Willis
Yilmaz Erkan,Erkan,Yilmaz
Accorsi Matteo,Matteo,Accorsi
Netzipoglou Omiros,Omiros,Netzipoglou
Ngouama Mehdy,Mehdy,Ngouama
Nogues Isaac,Isaac,Nogues
Nowell Markquis,Markquis,Nowell
Ntilikina Frank,Frank,Ntilikina
Nunn Kendrick,Kendrick,Nunn
Omoruyi Clifford,Clifford,Omoruyi
Milutinov Nikola,Nikola,Milutinov
Mitoglou Konstantinos,Konstantinos,Mitoglou
Morgan Jeremy,Jeremy,Morgan
Morris Monte,Monte,Morris
Mutaf David,David,Mutaf
Muurinen Miikka,Miikka,Muurinen
Mannion Niccolo,Niccolo,Mannion
McCormack David,David,Mccormack
Mijailovic Uros,Uros,Mijailovic
Mikalauskas Kajus,Kajus,Mikalauskas
Miljenovic Stefan,Stefan,Miljenovic
Milton Shake,Shake,Milton
Loyd Jordan,Jordan,Loyd
Makoundou Yoan,Yoan,Makoundou
Osman Cedi,Cedi,Osman
Papagiannis Georgios,Georgios,Papagiannis
Parker Jabari,Jabari,Parker
Plavsic Uros,Uros,Plavsic
Keita Sayon,Sayon,Keita
Kondic Kosta,Kosta,Kondic
Kouzeloglou Ioannis,Ioannis,Kouzeloglou
Kramer David,David,Kraemer
Kramer David,David,Kramer
Kusturica Nikola,Nikola,Kusturica
Larentzakis Giannoulis,Giannoulis,Larentzakis
Larkin Shane,Shane,Larkin
Lavi Gur,Gur,Lavi
Jones Carlik,Carlik,Jones
Jovic Stefan,Stefan,Jovic
Poirier Vincent,Vincent,Poirier
Procida Gabriele,Gabriele,Procida
Puerto Josep,Josep,Puerto
Radosic Ognjen,Ognjen,Radosic
Rathan-Mayes Xavier,Xavier,Rathan-Mayes
Rivero Jasiel,Jasiel,Rivero
Howard Markus,Markus,Howard
Hrabar Vit,Vit,Hrabar
Iroegbu Ike,Ike,Iroegbu
Ginat Tomer,Tomer,Ginat
Graham Devonte,Devonte,Graham
Grigonis Marius,Marius,Grigonis
Grinvalds Gunars,Gunars,Grinvalds
Gur Lavi,Lavi,Gur
Hankins Zachary,Zachary,Hankins
Harrison Shaquille,Shaquille,Harrison
Rubstavicius Mantas,Mantas,Rubstavicius
Ryan Matt,Matt,Ryan
Samanic Luka,Luka,Samanic
Sanli Sertac,Sertac,Sanli
Sedekerskis Tadas,Tadas,Sedekerskis
Segev Itay,Itay,Segev
Sestina Nathan,Nathan,Sestina
Ellis Boogie,Boogie,Ellis
Ennis Tyler,Tyler,Ennis
Evans Keenan,Keenan,Evans
Flaccadori Diego,Diego,Flaccadori
Diarra Aliou,Aliou,Diarra
Dibartolomeo John,John,Dibartolomeo
Dinwiddie Spencer,Spencer,Dinwiddie
Diop Ousmane,Ousmane,Diop
Dunston Bryant,Bryant,Dunston
Ebuka Izundu,Izundu,Ebuka
Silva Chris,Chris,Silva
Sima Yankuba,Yankuba,Sima
Sirvydis Deividas,Deividas,Sirvydis
Smailagic Alen,Alen,Smailagic
Clyburn Will,Will,Clyburn
Colson Bonzie,Bonzie,Colson
Dangubic Nemanja,Nemanja,Dangubic
Davidovac Dejan,Dejan,Davidovac
Diallo Hamidou,Hamidou,Diallo
Bosnjakovic Mitar,Mitar,Bosnjakovic
Boston Jr Brandon,Brandon,Boston Jr.
Bryant Elijah,Elijah,Bryant
Cancar Vlatko,Vlatko,Cancar
Carter Tyson,Tyson,Carter
Baldwin Kamar,Kamar,Baldwin
Begarin Juhann,Juhann,Begarin
Bertans Davis,Davis,Bertans
Taylor Brandon,Brandon,Taylor
Timor Bar,Bar,Timor
Tonut Stefano,Stefano,Tonut
Tote Leonardo,Leonardo,Tote
Trifunovic Uros,Uros,Trifunovic
Zagars Arturs,Arturs,Zagars
